k [ Mpc^-1],P(k) [Mpc^3]
0.0001,2041.243281
0.000100755,2056.079415
0.000101515,2071.023124
0.000102281,2086.075182
0.000103053,2101.23637
0.000103831,2116.507473
0.000104614,2131.889282
0.000105404,2147.382595
0.000106199,2162.988213
0.000107,2178.706944
0.000107808,2194.539603
0.000108621,2210.487009
0.000109441,2226.549987
0.000110267,2242.72937
0.000111099,2259.025993
0.000111937,2275.440701
0.000112782,2291.974342
0.000113633,2308.627769
0.000114491,2325.401842
0.000115355,2342.297425
0.000116225,2359.315389
0.000117102,2376.456613
0.000117986,2393.721978
0.000118876,2411.112376
0.000119773,2428.628702
0.000120677,2446.271858
0.000121588,2464.042753
0.000122506,2481.942301
0.00012343,2499.971425
0.000124361,2518.131053
0.0001253,2536.422118
0.000126245,2554.845561
0.000127198,2573.402331
0.000128158,2592.093382
0.000129125,2610.919674
0.0001301,2629.882175
0.000131081,2648.981859
0.000132071,2668.219709
0.000133067,2687.596712
0.000134071,2707.113864
0.000135083,2726.772166
0.000136103,2746.572628
0.00013713,2766.516266
0.000138164,2786.604103
0.000139207,2806.83717
0.000140258,2827.216505
0.000141316,2847.743152
0.000142382,2868.418162
0.000143457,2889.242591
0.000144539,2910.217502
0.00014563,2931.343964
0.000146729,2952.623056
0.000147836,2974.055862
0.000148952,2995.643476
0.000150076,3017.386998
0.000151209,3039.287534
0.00015235,3061.346202
0.000153499,3083.564123
0.000154658,3105.94243
0.000155825,3128.482259
0.000157001,3151.184759
0.000158186,3174.051083
0.000159379,3197.082393
0.000160582,3220.279861
0.000161794,3243.644665
0.000163015,3267.17799
0.000164245,3290.881033
0.000165484,3314.754995
0.000166733,3338.801088
0.000167991,3363.020532
0.000169259,3387.414554
0.000170536,3411.984391
0.000171823,3436.731288
0.00017312,3461.656498
0.000174426,3486.761283
0.000175743,3512.046913
0.000177069,3537.514669
0.000178405,3563.165836
0.000179751,3589.001708
0.000181108,3615.023582
0.000182475,3641.232766
0.000183852,3667.630576
0.000185239,3694.218337
0.000186637,3720.997383
0.000188045,3747.969056
0.000189464,3775.134709
0.000190894,3802.495703
0.000192335,3830.053407
0.000193786,3857.809201
0.000195248,3885.764473
0.000196722,3913.920622
0.000198206,3942.279054
0.000199702,3970.841186
0.000201209,3999.608443
0.000202727,4028.582262
0.000204257,4057.764087
0.000205799,4087.155374
0.000207352,4116.757587
0.000208917,4146.572199
0.000210493,4176.600696
0.000212082,4206.844571
0.000213682,4237.305328
0.000215294,4267.984482
0.000216919,4298.883555
0.000218556,4330.004082
0.000220205,4361.347608
0.000221867,4392.915687
0.000223541,4424.709884
0.000225228,4456.73177
0.000226928,4488.982921
0.00022864,4521.46492
0.000230366,4554.179362
0.000232104,4587.127851
0.000233856,4620.312003
0.000235621,4653.733443
0.000237399,4687.393807
0.00023919,4721.294741
0.000240995,4755.437903
0.000242814,4789.82496
0.000244646,4824.45759
0.000246492,4859.337483
0.000248352,4894.466338
0.000250227,4929.845867
0.000252115,4965.477791
0.000254017,5001.363842
0.000255934,5037.505766
0.000257866,5073.905316
0.000259812,5110.56426
0.000261772,5147.484374
0.000263748,5184.667447
0.000265738,5222.11528
0.000267743,5259.829683
0.000269764,5297.812481
0.0002718,5336.065508
0.000273851,5374.590609
0.000275917,5413.389644
0.000277999,5452.464482
0.000280097,5491.817004
0.000282211,5531.449103
0.000284341,5571.362675
0.000286486,5611.559618
0.000288648,5652.041845
0.000290827,5692.811277
0.000293021,5733.869849
0.000295232,5775.219508
0.00029746,5816.862211
0.000299705,5858.799929
0.000301967,5901.034642
0.000304246,5943.568346
0.000306541,5986.403045
0.000308855,6029.540757
0.000311185,6072.983514
0.000313534,6116.733356
0.0003159,6160.792338
0.000318284,6205.162528
0.000320686,6249.846004
0.000323106,6294.844859
0.000325544,6340.161196
0.000328,6385.797132
0.000330476,6431.754796
0.00033297,6478.036332
0.000335482,6524.643892
0.000338014,6571.579646
0.000340565,6618.845773
0.000343135,6666.444467
0.000345724,6714.377934
0.000348333,6762.648394
0.000350962,6811.258079
0.00035361,6860.209234
0.000356279,6909.504115
0.000358967,6959.144973
0.000361676,7009.134068
0.000364405,7059.473674
0.000367155,7110.166075
0.000369926,7161.213571
0.000372718,7212.618473
0.00037553,7264.383105
0.000378364,7316.509804
0.000381219,7369.00092
0.000384096,7421.858817
0.000386995,7475.08587
0.000389915,7528.684469
0.000392858,7582.657017
0.000395822,7637.005928
0.000398809,7691.733632
0.000401819,7746.842571
0.000404851,7802.3352
0.000407906,7858.213989
0.000410984,7914.48142
0.000414086,7971.139988
0.000417211,8028.192204
0.000420359,8085.640589
0.000423531,8143.487681
0.000426727,8201.736029
0.000429948,8260.388199
0.000433192,8319.446766
0.000436461,8378.914323
0.000439755,8438.793476
0.000443073,8499.086843
0.000446417,8559.797057
0.000449786,8620.926751
0.00045318,8682.478553
0.0004566,8744.455102
0.000460045,8806.85905
0.000463517,8869.693063
0.000467015,8932.95982
0.000470539,8996.662012
0.00047409,9060.802344
0.000477668,9125.383535
0.000481272,9190.408316
0.000484904,9255.879431
0.000488563,9321.799639
0.00049225,9388.171712
0.000495965,9454.998433
0.000499708,9522.282601
0.000503479,9590.027028
0.000507278,9658.234537
0.000511106,9726.907968
0.000514963,9796.050172
0.000518849,9865.664015
0.000522765,9935.752374
0.00052671,10006.31814
0.000530684,10077.36422
0.000534689,10148.89354
0.000538724,10220.90902
0.000542789,10293.41362
0.000546885,10366.41028
0.000551012,10439.902
0.000555171,10513.89174
0.00055936,10588.38252
0.000563581,10663.37734
0.000567834,10738.87919
0.000572119,10814.89105
0.000576437,10891.4159
0.000580787,10968.45677
0.000585169,11046.01664
0.000589585,11124.09857
0.000594035,11202.70557
0.000598517,11281.84071
0.000603034,11361.50705
0.000607585,11441.70765
0.00061217,11522.44561
0.000616789,11603.72402
0.000621444,11685.546
0.000626133,11767.91465
0.000630858,11850.83312
0.000635619,11934.30455
0.000640416,12018.33209
0.000645248,12102.91891
0.000650118,12188.06819
0.000655024,12273.78311
0.000659967,12360.06689
0.000664947,12446.92273
0.000669965,12534.35385
0.000675021,12622.36349
0.000680115,12710.95489
0.000685247,12800.13132
0.000690418,12889.89604
0.000695628,12980.25234
0.000700878,13071.20349
0.000706167,13162.7528
0.000711496,13254.90357
0.000716865,13347.65901
0.000722275,13441.02235
0.000727725,13534.99681
0.000733217,13629.58564
0.00073875,13724.79207
0.000744325,13820.61936
0.000749942,13917.07077
0.000755601,14014.14957
0.000761303,14111.85902
0.000767048,14210.20241
0.000772837,14309.18302
0.000778669,14408.80415
0.000784545,14509.06909
0.000790465,14609.98116
0.00079643,14711.54365
0.00080244,14813.7599
0.000808496,14916.63323
0.000814597,15020.16696
0.000820744,15124.36444
0.000826938,15229.22899
0.000833178,15334.76398
0.000839466,15440.97275
0.000845801,15547.85865
0.000852183,15655.42506
0.000858614,15763.67533
0.000865094,15872.61284
0.000871622,15982.24097
0.000878199,16092.56309
0.000884827,16203.58259
0.000891504,16315.30285
0.000898231,16427.72719
0.00090501,16540.85886
0.000911839,16654.7011
0.00091872,16769.25715
0.000925653,16884.53024
0.000932639,17000.52363
0.000939677,17117.24053
0.000946768,17234.6842
0.000953912,17352.85786
0.000961111,17471.76474
0.000968364,17591.40807
0.000975671,17711.79108
0.000983034,17832.91698
0.000990452,17954.78899
0.000997927,18077.41033
0.001005457,18200.78421
0.001013045,18324.91384
0.00102069,18449.8024
0.001028392,18575.45311
0.001036153,18701.86915
0.001043972,18829.05371
0.00105185,18957.00996
0.001059788,19085.74109
0.001067785,19215.25026
0.001075843,19345.54062
0.001083962,19476.61534
0.001092142,19608.47756
0.001100383,19741.13041
0.001108687,19874.57704
0.001117054,20008.82056
0.001125483,20143.86407
0.001133977,20279.7105
0.001142534,20416.36272
0.001151156,20553.8236
0.001159843,20692.09598
0.001168596,20831.18268
0.001177414,20971.08652
0.001186299,21111.81028
0.001195252,21253.35675
0.001204271,21395.72867
0.001213359,21538.92878
0.001222516,21682.95981
0.001231741,21827.82446
0.001241036,21973.5254
0.001250401,22120.06528
0.001259837,22267.44677
0.001269345,22415.67245
0.001278924,22564.74495
0.001288575,22714.66682
0.001298299,22865.44062
0.001308096,23017.06887
0.001317967,23169.55408
0.001327913,23322.89873
0.001337934,23477.10527
0.001348031,23632.17613
0.001358203,23788.11372
0.001368453,23944.92041
0.00137878,24102.59855
0.001389184,24261.15047
0.001399668,24420.57846
0.00141023,24580.8848
0.001420872,24742.07162
0.001431594,24904.14088
0.001442398,25067.09445
0.001453283,25230.93419
0.001464249,25395.66191
0.001475299,25561.27937
0.001486432,25727.7883
0.001497649,25895.1904
0.001508951,26063.4873
0.001520338,26232.68063
0.001531811,26402.77194
0.001543371,26573.76274
0.001555018,26745.65452
0.001566752,26918.44871
0.001578576,27092.1467
0.001590488,27266.74982
0.00160249,27442.25936
0.001614583,27618.67658
0.001626767,27796.00268
0.001639044,27974.23879
0.001651412,28153.38602
0.001663874,28333.44542
0.001676431,28514.418
0.001689082,28696.30469
0.001701828,28879.10638
0.00171467,29062.82394
0.00172761,29247.45813
0.001740647,29433.00969
0.001753783,29619.47931
0.001767017,29806.8676
0.001780352,29995.17512
0.001793787,30184.40214
0.001807323,30374.54871
0.001820962,30565.61483
0.001834704,30757.60041
0.001848549,30950.50528
0.001862499,31144.32922
0.001876554,31339.07193
0.001890715,31534.73303
0.001904983,31731.31209
0.001919358,31928.80856
0.001933843,32127.22186
0.001948436,32326.55131
0.00196314,32526.79615
0.001977954,32727.95556
0.00199288,32930.02863
0.002007919,33133.01435
0.002023072,33336.91167
0.002038339,33541.71943
0.002053721,33747.43639
0.002069219,33954.06122
0.002084834,34161.59254
0.002100566,34370.02883
0.002116418,34579.36854
0.002132389,34789.60999
0.002148481,35000.75144
0.002164694,35212.79103
0.00218103,35425.72684
0.002197488,35639.55686
0.002214071,35854.27896
0.00223078,36069.89094
0.002247614,36286.3904
0.002264575,36503.77445
0.002281664,36722.04
0.002298882,36941.18381
0.002316231,37161.20258
0.00233371,37382.09285
0.002351321,37603.85108
0.002369064,37826.47361
0.002386942,38049.95664
0.002404955,38274.29629
0.002423104,38499.48853
0.002441389,38725.52923
0.002459813,38952.41414
0.002478375,39180.13888
0.002497078,39408.69896
0.002515922,39638.08976
0.002534908,39868.30654
0.002554037,40099.34444
0.002573311,40331.19846
0.00259273,40563.86348
0.002612295,40797.33427
0.002632008,41031.60545
0.00265187,41266.67153
0.002671882,41502.52686
0.002692045,41739.1657
0.00271236,41976.58215
0.002732829,42214.77018
0.002753452,42453.72364
0.00277423,42693.43624
0.002795165,42933.90154
0.002816259,43175.11299
0.002837511,43417.06357
0.002858924,43659.74566
0.002880498,43903.15148
0.002902235,44147.27307
0.002924137,44392.10231
0.002946203,44637.63094
0.002968436,44883.85052
0.002990837,45130.75247
0.003013407,45378.32803
0.003036147,45626.56829
0.003059059,45875.46418
0.003082144,46125.00644
0.003105403,46375.18568
0.003128837,46625.99233
0.003152448,46877.41664
0.003176238,47129.44872
0.003200207,47382.0785
0.003224356,47635.29574
0.003248688,47889.09003
0.003273204,48143.4508
0.003297905,48398.36729
0.003322792,48653.8286
0.003347867,48909.82364
0.003373131,49166.34115
0.003398586,49423.36969
0.003424233,49680.89768
0.003450073,49938.91332
0.003476109,50197.40467
0.00350234,50456.35961
0.00352877,50715.76584
0.0035554,50975.61081
0.00358223,51235.881
0.003609262,51496.56227
0.003636499,51757.64031
0.003663941,52019.10055
0.003691591,52280.92828
0.003719449,52543.10853
0.003747517,52805.62617
0.003775797,53068.46584
0.00380429,53331.612
0.003832999,53595.04889
0.003861924,53858.76054
0.003891067,54122.73081
0.003920431,54386.94331
0.003950016,54651.38148
0.003979824,54916.02856
0.004009857,55180.86756
0.004040117,55445.8813
0.004070605,55711.05242
0.004101323,55976.36331
0.004132273,56241.79621
0.004163456,56507.33311
0.004194875,56772.95584
0.004226531,57038.64601
0.004258426,57304.38502
0.004290561,57570.15409
0.004322939,57835.93424
0.004355562,58101.70627
0.00438843,58367.4508
0.004421547,58633.14825
0.004454913,58898.77885
0.004488532,59164.32203
0.004522404,59429.75527
0.004556531,59695.05551
0.004590916,59960.19943
0.004625561,60225.16348
0.004660467,60489.92389
0.004695636,60754.45662
0.004731071,61018.73744
0.004766773,61282.74183
0.004802745,61546.4451
0.004838988,61809.82227
0.004875505,62072.84819
0.004912297,62335.49743
0.004949367,62597.74438
0.004986717,62859.56317
0.005024348,63120.92775
0.005062263,63381.81181
0.005100465,63642.18885
0.005138955,63902.03214
0.005177735,64161.31476
0.005216808,64420.00957
0.005256176,64678.0892
0.005295841,64935.52612
0.005335805,65192.29256
0.005376071,65448.36058
0.00541664,65703.70202
0.005457516,65958.28854
0.0054987,66212.09163
0.005540195,66465.08255
0.005582003,66717.2324
0.005624127,66968.51205
0.005666569,67218.89033
0.005709331,67468.33397
0.005752415,67716.80934
0.005795825,67964.28264
0.005839562,68210.7198
0.005883629,68456.08656
0.005928029,68700.34846
0.005972764,68943.47082
0.006017837,69185.41876
0.006063249,69426.15723
0.006109004,69665.65095
0.006155105,69903.86449
0.006201554,70140.76223
0.006248353,70376.30837
0.006295505,70610.46697
0.006343013,70843.20188
0.006390879,71074.47685
0.006439107,71304.25544
0.006487699,71532.50109
0.006536657,71759.17708
0.006585985,71984.2466
0.006635685,72207.67267
0.00668576,72429.41823
0.006736213,72649.44608
0.006787047,72867.71895
0.006838264,73084.19945
0.006889868,73298.85011
0.006941861,73511.63337
0.006994247,73722.51161
0.007047028,73931.44715
0.007100207,74138.40153
0.007153787,74343.33185
0.007207772,74546.19339
0.007262165,74746.94133
0.007316967,74945.53074
0.007372184,75141.91662
0.007427817,75336.05387
0.007483869,75527.89736
0.007540345,75717.40187
0.007597247,75904.52217
0.007654579,76089.21297
0.007712343,76271.429
0.007770543,76451.12493
0.007829182,76628.25548
0.007888263,76802.77537
0.007947791,76974.63935
0.008007768,77143.8022
0.008068197,77310.21877
0.008129082,77473.84398
0.008190427,77634.63282
0.008252235,77792.54036
0.008314509,77947.52181
0.008377253,78099.53248
0.00844047,78248.5278
0.008504165,78394.46337
0.00856834,78537.29494
0.008633,78676.97845
0.008698148,78813.47001
0.008763787,78946.72593
0.008829921,79076.70277
0.008896555,79203.35727
0.008963691,79326.64362
0.009031334,79446.51039
0.009099488,79562.90559
0.009168155,79675.77751
0.009237341,79785.07469
0.009307049,79890.74593
0.009377284,79992.74036
0.009448048,80091.00741
0.009519346,80185.49686
0.009591182,80276.15884
0.00966356,80362.94388
0.009736485,80445.80288
0.00980996,80524.6872
0.009883989,80599.54862
0.009958577,80670.33937
0.010033728,80737.0122
0.010109445,80799.52035
0.010185735,80857.81758
0.0102626,80911.85822
0.010340045,80961.59714
0.010418074,81006.98983
0.010496692,81047.99238
0.010575904,81084.56153
0.010655713,81116.65466
0.010736125,81144.22984
0.010817143,81167.24583
0.010898773,81185.66213
0.010981019,81199.43897
0.011063885,81208.53736
0.011147377,81212.91909
0.011231499,81212.54659
0.011316256,81207.38082
0.011401652,81197.38176
0.011487693,81182.51023
0.011574383,81162.72793
0.011661727,81137.9975
0.01174973,81108.28255
0.011838398,81073.54763
0.011927734,81033.75829
0.012017745,80988.88114
0.012108435,80938.88378
0.012199809,80883.73492
0.012291873,80823.40433
0.012384632,80757.86292
0.01247809,80687.0827
0.012572254,80611.03686
0.012667129,80529.69978
0.012762719,80443.04702
0.012859031,80351.05536
0.012956069,80253.70284
0.01305384,80150.96875
0.013152349,80042.83366
0.013251601,79929.27948
0.013351602,79810.28939
0.013452358,79685.84796
0.013553874,79555.94109
0.013656156,79420.55607
0.01375921,79279.6816
0.013863041,79133.30779
0.013967657,78981.42616
0.014073061,78824.02971
0.014179261,78661.11503
0.014286263,78492.68953
0.014394072,78318.7646
0.014502694,78139.353
0.014612136,77954.46889
0.014722404,77764.12778
0.014833505,77568.34659
0.014945443,77367.14361
0.015058227,77160.53853
0.015171861,76948.55242
0.015286353,76731.20776
0.015401709,76508.52839
0.015517936,76280.53955
0.015635039,76047.26788
0.015753026,75808.7414
0.015871904,75564.98949
0.015991679,75316.04293
0.016112357,75061.93389
0.016233947,74802.69586
0.016356453,74538.36375
0.016479885,74268.97379
0.016604247,73994.56358
0.016729549,73715.17206
0.016855795,73430.83951
0.016982995,73141.60754
0.017111154,72847.51908
0.017240281,72548.61835
0.017370382,72244.95091
0.017501465,71936.56357
0.017633537,71623.50443
0.017766605,71305.82334
0.017900678,70983.59892
0.018035762,70656.95211
0.018171866,70326.00725
0.018308997,69990.88847
0.018447163,69651.71963
0.018586372,69308.62425
0.018726631,68961.72549
0.018867948,68611.14606
0.019010332,68257.00818
0.01915379,67899.43354
0.019298331,67538.54323
0.019443963,67174.45773
0.019590694,66807.29679
0.019738532,66437.17948
0.019887485,66064.22405
0.020037563,65688.54796
0.020188773,65310.2678
0.020341125,64929.49927
0.020494626,64546.35712
0.020649285,64160.95514
0.020805111,63773.40608
0.020962114,63383.82166
0.021120301,62992.31253
0.021279682,62598.98821
0.021440265,62203.95708
0.021602061,61807.32635
0.021765077,61409.20203
0.021929324,61009.68891
0.02209481,60608.89049
0.022261545,60206.90905
0.022429538,59803.85497
0.022598799,59399.91068
0.022769337,58995.28956
0.022941162,58590.20057
0.023114284,58184.8481
0.023288712,57779.43188
0.023464456,57374.14702
0.023641527,56969.18398
0.023819934,56564.72855
0.023999687,56160.96192
0.024180797,55758.06063
0.024363273,55356.19663
0.024547127,54955.53729
0.024732368,54556.24542
0.024919006,54158.47933
0.025107054,53762.39283
0.02529652,53368.13533
0.025487416,52975.85182
0.025679753,52585.68299
0.025873541,52197.76522
0.026068791,51812.2307
0.026265515,51429.20746
0.026463723,51048.81942
0.026663427,50671.18652
0.026864639,50296.42471
0.027067368,49924.64609
0.027271628,49555.95897
0.027477429,49190.46792
0.027684783,48828.2739
0.027893701,48469.47556
0.028104196,48114.17412
0.02831628,47762.46906
0.028529964,47414.4563
0.028745261,47070.22831
0.028962182,46729.87421
0.029180741,46393.47985
0.029400949,46061.12793
0.029622818,45732.8981
0.029846362,45408.86707
0.030071592,45089.10869
0.030298523,44773.69409
0.030527166,44462.69175
0.030757534,44156.16765
0.030989641,43854.18534
0.031223499,43556.80606
0.031459122,43264.08886
0.031696523,42976.09068
0.031935716,42692.86651
0.032176713,42414.46943
0.03241953,42140.9448
0.032664178,41872.25833
0.032910673,41608.32167
0.033159028,41349.0473
0.033409257,41094.34962
0.033661375,40844.14488
0.033915395,40598.35118
0.034171332,40356.8884
0.0344292,40119.67814
0.034689015,39886.64369
0.03495079,39657.70999
0.03521454,39432.80358
0.035480281,39211.85256
0.035748027,38994.78163
0.036017794,38781.45537
0.036289596,38571.69941
0.036563449,38365.34224
0.03683937,38162.21595
0.037117372,37962.15606
0.037397472,37765.00142
0.037679686,37570.5941
0.037964029,37378.7793
0.038250519,37189.40523
0.03853917,37002.30964
0.03883,36817.24128
0.039123024,36633.91513
0.039418259,36452.05155
0.039715723,36271.3763
0.040015431,36091.62042
0.040317401,35912.5202
0.04062165,35733.81709
0.040928194,35555.25723
0.041237052,35376.58606
0.041548241,35197.55012
0.041861778,35017.90117
0.042177681,34837.39635
0.042495968,34655.79825
0.042816657,34472.8749
0.043139766,34288.39889
0.043465313,34102.1114
0.043793317,33913.71432
0.044123796,33722.9145
0.044456769,33529.42686
0.044792255,33332.97465
0.045130272,33133.28966
0.04547084,32930.11798
0.045813978,32723.24782
0.046159706,32512.4883
0.046508043,32297.65695
0.046859008,32078.57993
0.047212622,31855.09233
0.047568904,31627.04194
0.047927875,31394.31457
0.048289555,31156.81872
0.048653964,30914.47161
0.049021124,30667.19925
0.049391054,30414.93661
0.049763775,30157.63991
0.050139309,29895.31932
0.050517677,29628.00306
0.050898901,29355.72653
0.051283001,29078.53234
0.05167,28796.47402
0.052059919,28509.68247
0.052452781,28218.35638
0.052848607,27922.69822
0.05324742,27622.91162
0.053649243,27319.20153
0.054054098,27011.82146
0.054462009,26701.11305
0.054872998,26387.42168
0.055287088,26071.08559
0.055704303,25752.43566
0.056124666,25431.81249
0.056548202,25109.59283
0.056974933,24786.14906
0.057404885,24461.84145
0.057838082,24137.01814
0.058274548,23812.07802
0.058714307,23487.5565
0.059157385,23163.98707
0.059603806,22841.87758
0.060053597,22521.71062
0.060506781,22203.96159
0.060963386,21889.11027
0.061423436,21577.61236
0.061886958,21269.89705
0.062353978,20966.36915
0.062824522,20667.43631
0.063298617,20373.50665
0.06377629,20084.9632
0.064257567,19802.164
0.064742476,19525.4464
0.065231045,19255.14664
0.0657233,18991.58765
0.06621927,18735.07088
0.066718983,18485.87772
0.067222467,18244.23411
0.06772975,18010.26268
0.068240862,17784.06415
0.06875583,17565.73205
0.069274685,17355.34975
0.069797455,17152.93303
0.07032417,16958.44631
0.07085486,16771.85432
0.071389555,16593.12399
0.071928284,16422.18181
0.072471079,16258.80384
0.073017971,16102.74215
0.073568989,15953.76066
0.074124165,15811.62952
0.074683531,15676.02564
0.075247118,15546.54122
0.075814958,15422.78054
0.076387083,15304.36268
0.076963526,15190.87726
0.077544319,15081.77326
0.078129494,14976.48215
0.078719085,14874.45219
0.079313126,14775.14454
0.07991165,14677.99202
0.08051469,14582.40721
0.081122281,14487.81673
0.081734457,14393.66182
0.082351253,14299.37088
0.082972703,14204.31467
0.083598843,14107.86905
0.084229708,14009.42786
0.084865334,13908.41152
0.085505756,13804.338
0.086151011,13696.78812
0.086801136,13585.36116
0.087456166,13469.67607
0.08811614,13349.41374
0.088781094,13224.34552
0.089451066,13094.26828
0.090126094,12958.99831
0.090806216,12818.41297
0.09149147,12672.62929
0.092181895,12521.84833
0.092877531,12366.2772
0.093578416,12206.1322
0.09428459,12041.71787
0.094996093,11873.42028
0.095712966,11701.62308
0.096435248,11526.70299
0.097162981,11349.11725
0.097896206,11169.55789
0.098634963,10988.72899
0.099379296,10807.29931
0.100129245,10625.9113
0.100884854,10445.25896
0.101646165,10266.04086
0.102413222,10088.91049
0.103186066,9914.477569
0.103964743,9743.343702
0.104749296,9576.117947
0.105539769,9413.368649
0.106336208,9255.621909
0.107138657,9103.33881
0.107947161,8956.834799
0.108761767,8816.371678
0.10958252,8682.192282
0.110409466,8554.513975
0.111242653,8433.402236
0.112082128,8318.812238
0.112927937,8210.700491
0.113780129,8109.027747
0.114638753,8013.629198
0.115503855,7924.075801
0.116375486,7839.92701
0.117253695,7760.765051
0.118138531,7686.169005
0.119030044,7615.584932
0.119928284,7548.421434
0.120833304,7484.10953
0.121745152,7422.097501
0.122663882,7361.767945
0.123589545,7302.431883
0.124522193,7243.417617
0.12546188,7184.074908
0.126408657,7123.772342
0.12736258,7061.892628
0.128323701,6997.840469
0.129292074,6931.045755
0.130267756,6860.990697
0.1312508,6787.429146
0.132241263,6710.271493
0.1332392,6629.444967
0.134244668,6544.895479
0.135257723,6456.740404
0.136278424,6365.338478
0.137306826,6271.06186
0.13834299,6174.274211
0.139386973,6075.378594
0.140438834,5974.979629
0.141498632,5873.710988
0.142566429,5772.171073
0.143642283,5670.925951
0.144726256,5570.56027
0.145818409,5471.661741
0.146918804,5374.777695
0.148027502,5280.415437
0.149144568,5189.007219
0.150270063,5100.873667
0.151404051,5016.301196
0.152546597,4935.555309
0.153697765,4858.856221
0.15485762,4786.235892
0.156026228,4717.65549
0.157203654,4653.079239
0.158389966,4592.46745
0.15958523,4535.577025
0.160789514,4481.952252
0.162002886,4431.149285
0.163225414,4382.745686
0.164457168,4336.294394
0.165698217,4291.232722
0.166948631,4246.995257
0.168208482,4203.039414
0.16947784,4158.853112
0.170756777,4114.02957
0.172045365,4068.22843
0.173343677,4021.127046
0.174651787,3972.422644
0.175969768,3921.944409
0.177297695,3869.711483
0.178635643,3815.763754
0.179983688,3760.145767
0.181341905,3702.955628
0.182710372,3644.520655
0.184089166,3585.220533
0.185478365,3525.415885
0.186878047,3465.453245
0.188288292,3405.757625
0.189709178,3346.81024
0.191140788,3289.062316
0.1925832,3232.933377
0.194036498,3178.751226
0.195500763,3126.670551
0.196976077,3076.812486
0.198462525,3029.289545
0.19996019,2984.181161
0.201469157,2941.354252
0.202989511,2900.582938
0.204521338,2861.653189
0.206064725,2824.361014
0.207619759,2788.445351
0.209186527,2753.561704
0.210765119,2719.374831
0.212355624,2685.56556
0.213958131,2651.838624
0.215572731,2617.953458
0.217199515,2583.693995
0.218838576,2548.85649
0.220490005,2513.256835
0.222153897,2476.876298
0.223830345,2439.848156
0.225519444,2402.307003
0.22722129,2364.381939
0.228935978,2326.226941
0.230663606,2288.090374
0.232404271,2250.227121
0.234158072,2212.87594
0.235925108,2176.257662
0.237705478,2140.543114
0.239499283,2105.863345
0.241306626,2072.339394
0.243127607,2040.083862
0.244962329,2009.145115
0.246810897,1979.392119
0.248673415,1950.666916
0.250549989,1922.820106
0.252440723,1895.708865
0.254345726,1869.172984
0.256265104,1843.03896
0.258198967,1817.141816
0.260147423,1791.325617
0.262110583,1765.463354
0.264088558,1739.521181
0.266081459,1713.490639
0.268089399,1687.364512
0.270112492,1661.137944
0.272150852,1634.864892
0.274204594,1608.679954
0.276273834,1582.716277
0.278358689,1557.098715
0.280459278,1531.940339
0.282575718,1507.305896
0.284708129,1483.230465
0.286856632,1459.746058
0.289021349,1436.882187
0.291202401,1414.65225
0.293399913,1393.002199
0.295614007,1371.860985
0.29784481,1351.161383
0.300092447,1330.839799
0.302357046,1310.83401
0.304638734,1291.079314
0.30693764,1271.513644
0.309253895,1252.078575
0.311587629,1232.719373
0.313938974,1213.413486
0.316308063,1194.205155
0.31869503,1175.145094
0.32110001,1156.280942
0.323523139,1137.657322
0.325964553,1119.313989
0.328424391,1101.283064
0.330902792,1083.59362
0.333399896,1066.272611
0.335915844,1049.344984
0.338450778,1032.821595
0.341004841,1016.658935
0.343578179,1000.801265
0.346170935,985.1960015
0.348783258,969.7935824
0.351415293,954.5494051
0.354067192,939.4510432
0.356739102,924.5088319
0.359431175,909.7329732
0.362143564,895.1329802
0.364876421,880.7176962
0.367629901,866.4962419
0.37040416,852.4804045
0.373199354,838.6818492
0.376015642,825.1113446
0.378853183,811.778799
0.381712136,798.6932726
0.384592665,785.8553537
0.38749493,773.2472416
0.390419097,760.8494423
0.393365331,748.6435171
0.396333798,736.6120425
0.399324667,724.7385728
0.402338105,713.0110963
0.405374284,701.4334136
0.408433374,690.0131036
0.41151555,678.7571702
0.414620985,667.672062
0.417749854,656.7636937
0.420902335,646.0374144
0.424078606,635.4939201
0.427278846,625.1266879
0.430503236,614.9287891
0.433751958,604.8936031
0.437025196,595.0148061
0.440323136,585.2863604
0.443645962,575.7025044
0.446993864,566.2586173
0.45036703,556.9537903
0.453765651,547.7879576
0.457189919,538.7609588
0.460640028,529.8725434
0.464116173,521.122375
0.46761855,512.5100345
0.471147357,504.0350248
0.474702793,495.6965986
0.47828506,487.4926758
0.48189436,479.4206459
0.485530897,471.4779608
0.489194877,463.6621363
0.492886506,455.9707501
0.496605993,448.4014397
0.500353549,440.9519014
0.504129385,433.6198885
0.507933715,426.4032115
0.511766754,419.2999122
0.515628718,412.3083753
0.519519826,405.4270346
0.523440297,398.6543409
0.527390354,391.9887618
0.531370219,385.4287822
0.535380118,378.9729036
0.539420276,372.6196444
0.543490923,366.3675398
0.547592288,360.2151415
0.551724604,354.1610179
0.555888104,348.2037525
0.560083022,342.3419323
0.564309597,336.5741544
0.568568067,330.8990334
0.572858673,325.3152012
0.577181658,319.8213073
0.581537265,314.416018
0.585925741,309.0980168
0.590347333,303.8660042
0.594802293,298.718697
0.599290871,293.6548289
0.603813322,288.6731499
0.6083699,283.772426
0.612960864,278.9514397
0.617586473,274.2089891
0.622246988,269.5438867
0.626942674,264.9549418
0.631673794,260.4409684
0.636440617,256.0007977
0.641243412,251.6332784
0.646082451,247.3372759
0.650958006,243.1116725
0.655870354,238.9553671
0.660819773,234.8672749
0.665806541,230.8463271
0.670830941,226.8914708
0.675893257,223.0016689
0.680993775,219.1758995
0.686132783,215.4131561
0.691310572,211.712447
0.696527434,208.0727955
0.701783665,204.4932394
0.707079561,200.9728309
0.712415421,197.5106362
0.717791547,194.1057357
0.723208244,190.7572236
0.728665817,187.4642085
0.734164574,184.2258186
0.739704827,181.0411968
0.745286888,177.9094984
0.750911074,174.8298911
0.756577702,171.8015546
0.762287092,168.8236804
0.768039567,165.895472
0.773835452,163.0161443
0.779675074,160.1849241
0.785558765,157.401049
0.791486855,154.6637682
0.797459682,151.9723417
0.803477581,149.3260405
0.809540893,146.7241464
0.815649961,144.1659516
0.82180513,141.6507591
0.828006748,139.1778818
0.834255166,136.7466433
0.840550736,134.3563768
0.846893814,132.0064258
0.85328476,129.6961433
0.859723934,127.4248922
0.8662117,125.1920447
0.872748425,122.9969827
0.879334478,120.839097
0.885970232,118.7177879
0.892656062,116.6324646
0.899392345,114.5825446
0.906179462,112.5674531
0.913017797,110.5866241
0.919907737,108.6395003
0.92684967,106.7255327
0.933843989,104.8441811
0.94089109,102.9949133
0.947991371,101.1772055
0.955145233,99.39054169
0.96235308,97.63441414
0.96961532,95.90832279
0.976932364,94.21177532
0.984304624,92.54428706
0.991732518,90.90538084
0.999216465,89.29458691
1.006756889,87.71144279
1.014354215,86.15549324
1.022008874,84.62629006
1.029721296,83.12339207
1.03749192,81.64636497
1.045321183,80.19478124
1.053209528,78.76822007
1.061157402,77.36626723
1.069165253,75.98851497
1.077233533,74.63456197
1.0853627,73.30401321
1.093553212,71.99647988
1.101805533,70.71157931
1.110120128,69.44893484
1.118497468,68.20817579
1.126938026,66.98893726
1.13544228,65.79085978
1.144010709,64.6135895
1.152643799,63.4567782
1.161342037,62.32008322
1.170105915,61.20316737
1.178935928,60.10569887
1.187832575,59.02735123
1.196796359,57.96780319
1.205827787,56.92673865
1.21492737,55.90384658
1.22409562,54.89882096
1.233333058,53.91136068
1.242640204,52.94116946
1.252017585,51.98795584
1.261465731,51.05143301
1.270985176,50.13131883
1.280576458,49.22733571
1.290240119,48.33921052
1.299976705,47.4666746
1.309786766,46.60946361
1.319670858,45.76731752
1.329629538,44.93998049
1.33966337,44.12720087
1.349772921,43.3287311
1.359958762,42.54432763
1.370221468,41.7737509
1.38056162,41.01676525
1.390979803,40.27313885
1.401476604,39.5426437
1.412052618,38.82505549
1.422708443,38.12015366
1.433444679,37.42772135
1.444261935,36.74754527
1.455160822,36.07941561
1.466141955,35.42312601
1.477205955,34.77847348
1.488353449,34.14525838
1.499585065,33.52328435
1.510901438,32.91235824
1.522303209,32.3122901
1.533791021,31.7228931
1.545365524,31.14398351
1.557027372,30.5753806
1.568777225,30.01690666
1.580615746,29.4683869
1.592543604,28.92964943
1.604561474,28.40052521
1.616670035,27.880848
1.628869971,27.37045432
1.641161972,26.86918341
1.653546732,26.37687718
1.666024952,25.89338018
1.678597337,25.41853953
1.691264597,24.95220492
1.704027449,24.49422854
1.716886614,24.04446504
1.729842818,23.60277151
1.742896794,23.16900745
1.756049279,22.74303467
1.769301018,22.32471732
1.782652759,21.91392183
1.796105256,21.51051671
1.809659271,21.1143726
1.823315569,20.72536233
1.837074922,20.34336087
1.850938107,19.96824534
1.864905909,19.59989491
1.878979116,19.23819083
1.893158525,18.88301634
1.907444936,18.53425669
1.921839158,18.19179906
1.936342003,17.85553256
1.950954291,17.5253482
1.965676848,17.20113882
1.980510507,16.88279912
1.995456106,16.57022557
2.010514489,16.26331643
2.025686508,15.96197168
2.04097302,15.66609302
2.056374889,15.37558384
2.071892986,15.09034916
2.087528188,14.81029566
2.103281378,14.53533159
2.119153447,14.2653668
2.135145292,14.00031267
2.151257817,13.74008211
2.167491932,13.48458953
2.183848556,13.2337508
2.200328612,12.98748326
2.216933032,12.74570565
2.233662754,12.50833813
2.250518725,12.27530223
2.267501897,12.04652088
2.284613229,11.82191833
2.301853689,11.60142015
2.319224252,11.38495317
2.336725898,11.17244551
2.354359618,10.96382654
2.372126408,10.75902681
2.390027272,10.55797812
2.408063222,10.36061342
2.426235277,10.16686683
2.444544465,9.976673625
2.46299182,9.789970185
2.481578385,9.606694006
2.500305211,9.426783669
2.519173355,9.250178821
2.538183885,9.076820162
2.557337875,8.906649422
2.576636407,8.739609349
2.596080572,8.575643688
2.61567147,8.414697164
2.635410207,8.256715471
2.655297899,8.101645248
2.67533567,7.949434069
2.695524654,7.800030425
2.71586599,7.653383709
2.736360828,7.509444198
2.757010328,7.368163043
2.777815655,7.229492252
2.798777987,7.093384672
2.819898507,6.959793982
2.84117841,6.82867465
2.862618899,6.699981917
2.884221184,6.573671816
2.905986488,6.449701154
2.92791604,6.328027501
2.950011079,6.208609181
2.972272855,6.091405252
2.994702627,5.976375499
3.01730166,5.863480419
3.040071234,5.752681208
3.063012634,5.643939753
3.086127158,5.537218613
3.109416112,5.432481016
3.132880813,5.329690841
3.156522585,5.22881261
3.180342767,5.129811474
3.204342704,5.032653206
3.228523752,4.937304186
3.252887278,4.843731397
3.27743466,4.751902404
3.302167285,4.661785357
3.327086551,4.573348968
3.352193865,4.486562512
3.377490648,4.401395811
3.402978329,4.317819224
3.428658349,4.235803643
3.454532158,4.155320479
3.48060122,4.076341654
3.506867008,3.998839594
3.533331007,3.922787218
3.559994711,3.848157931
3.586859629,3.774925622
3.613927279,3.703064654
3.64119919,3.632549846
3.668676905,3.56335647
3.696361975,3.495460243
3.724255966,3.428837316
3.752360455,3.363464267
3.78067703,3.299318098
3.809207291,3.236376222
3.83795285,3.174616459
3.866915334,3.114017028
3.896096378,3.05455654
3.925497633,2.996213992
3.955120759,2.938968757
3.984967431,2.882800583
4.015039336,2.827689582
4.045338174,2.773616225
4.075865657,2.720561335
4.10662351,2.668506082
4.137613473,2.617431977
4.168837297,2.567320865
4.200296746,2.518154917
4.231993598,2.469916632
4.263929646,2.422588821
4.296106694,2.376154608
4.328526561,2.330597425
4.361191079,2.285901002
4.394102094,2.242049365
4.427261467,2.199026831
4.460671072,2.156818
4.494332797,2.115407752
4.528248544,2.07478124
4.562420231,2.034923887
4.59684979,1.99582138
4.631539165,1.957459669
4.666490318,1.919824957
4.701705224,1.882903703
4.737185874,1.84668261
4.772934272,1.811148624
4.80895244,1.776288929
4.845242414,1.742090947
4.881806243,1.708542324
4.918645996,1.675630936
4.955763753,1.643344881
4.993161614,1.611672472
5.030841692,1.580602239
5.068806116,1.55012292
5.107057033,1.520223461
5.145596604,1.49089301
5.184427007,1.462120913
5.223550438,1.433896714
5.262969107,1.406210148
5.302685243,1.379051137
5.34270109,1.35240979
5.38301891,1.326276398
5.423640982,1.300641429
5.464569602,1.275495529
5.505807083,1.250829512
5.547355756,1.226634367
5.589217969,1.202901243
5.631396088,1.179621457
5.673892498,1.156786474
5.7167096,1.134387912
5.759849814,1.112417542
5.803315579,1.09086729
5.847109351,1.069729231
5.891233606,1.048995587
5.935690837,1.028658725
5.980483557,1.008711155
6.025614299,0.989145524
6.071085612,0.969954619
6.116900066,0.951131358
6.163060253,0.932668794
6.209568779,0.914560107
6.256428275,0.896798605
6.303641387,0.87937772
6.351210786,0.862291009
6.39913916,0.845532146
6.447429217,0.829094925
6.496083688,0.812973255
6.545105321,0.797161159
6.594496888,0.781652771
6.644261181,0.766442335
6.694401011,0.751524204
6.744919214,0.736892833
6.795818644,0.722542784
6.847102178,0.70846872
6.898772715,0.694665402
6.950833175,0.681127691
7.003286501,0.667850543
7.056135658,0.65482901
7.109383632,0.642058236
7.163033433,0.629533462
7.217088093,0.61725002
7.271550669,0.605203329
7.326424237,0.593388893
7.381711899,0.5818023
7.437416781,0.570439221
7.493542031,0.559295407
7.55009082,0.548366689
7.607066346,0.537648975
7.664471828,0.527138251
7.722310512,0.516830575
7.780585665,0.506722083
7.839300583,0.49680898
7.898458583,0.487087543
7.958063009,0.477554119
8.01811723,0.468205124
8.078624641,0.459037039
8.139588661,0.450046414
8.201012736,0.441229861
8.262900337,0.432584057
8.325254964,0.424105741
8.388080139,0.415791714
8.451379414,0.407638836
8.515156367,0.399644026
8.579414602,0.391804261
8.644157752,0.384116577
8.709389475,0.376578062
8.775113458,0.369185862
8.841333417,0.361937175
8.908053094,0.354829252
8.97527626,0.347859398
9.043006715,0.34102497
9.111248286,0.334323377
9.180004832,0.327752073
9.249280237,0.321308565
9.319078418,0.314990401
9.38940332,0.30879518
9.460258917,0.302720543
9.531649214,0.296764178
9.603578246,0.290923813
9.676050079,0.285197222
9.749068808,0.27958222
9.822638562,0.274076663
9.896763498,0.268678446
9.971447805,0.263385507
10.04669571,0.25819582
10.12251145,0.253107398
10.19889933,0.248118293
10.27586366,0.243226591
10.35340878,0.238430418
10.43153909,0.233727932
10.51025899,0.229117327
10.58957294,0.224596832
10.66948542,0.220164708
10.75000095,0.215819251
10.83112407,0.211558788
10.91285938,0.207381678
10.99521149,0.20328631
11.07818506,0.199271106
11.16178477,0.195334515
11.24601535,0.191475018
11.33088157,0.187691115
11.41638821,0.183981327
11.50254012,0.180344207
11.58934216,0.176778335
11.67679923,0.173282318
11.76491629,0.169854792
11.85369831,0.16649442
11.9431503,0.163199889
12.03327733,0.159969913
12.12408449,0.156803232
12.21557691,0.153698609
12.30775977,0.150654834
12.40063826,0.147670717
12.49421765,0.144745094
12.58850322,0.141876822
12.6835003,0.139064784
12.77921427,0.136307879
12.87565052,0.133605034
12.97281451,0.130955191
13.07071173,0.128357317
13.16934772,0.125810398
13.26872805,0.123313438
13.36885834,0.120865464
13.46974424,0.118465519
13.57139146,0.116112665
13.67380575,0.113805985
13.77699289,0.111544577
13.88095871,0.109327557
13.9857091,0.10715406
14.09124996,0.105023236
14.19758728,0.102934255
14.30472705,0.100886314
14.41267533,0.098878626
14.52143823,0.096910418
14.63102189,0.094980933
14.7414325,0.093089427
14.85267631,0.09123517
14.96475961,0.089417445
15.07768872,0.087635549
15.19147003,0.085888792
15.30610998,0.084176495
15.42161503,0.082497995
15.53799173,0.080852638
15.65524664,0.079239784
15.7733864,0.077658806
15.89241768,0.076109085
16.01234721,0.074590017
16.13318177,0.073101008
16.25492819,0.071641475
16.37759335,0.070210846
16.50118418,0.06880856
16.62570767,0.067434067
16.75117085,0.066086826
16.87758082,0.064766307
17.00494473,0.06347199
17.13326976,0.062203365
17.26256318,0.060959931
17.39283229,0.059741197
17.52408446,0.05854668
17.65632709,0.057375908
17.78956768,0.056228418
17.92381374,0.055103749
18.05907287,0.054001449
18.19535271,0.05292107
18.33266097,0.051862177
18.4710054,0.05082434
18.61039382,0.049807142
18.75083411,0.048810171
18.89233422,0.047833024
19.03490213,0.046875306
19.1785459,0.045936632
19.32327366,0.045016622
19.46909359,0.044114904
19.61601392,0.043231116
19.76404296,0.042364899
19.91318908,0.041515906
20.06346071,0.040683793
20.21486633,0.039868226
20.36741451,0.039068874
20.52111388,0.038285417
20.67597311,0.037517537
20.83200096,0.036764926
20.98920625,0.036027281
21.14759786,0.035304304
21.30718475,0.034595704
21.46797594,0.033901195
21.62998051,0.033220498
21.79320762,0.032553339
21.95766649,0.031899448
22.12336643,0.031258564
22.2903168,0.030630426
22.45852703,0.030014784
22.62800663,0.02941139
22.79876519,0.028820003
22.97081234,0.028240388
23.14415782,0.027672313
23.31881142,0.02711555
23.49478302,0.026569877
23.67208256,0.026035075
23.85072006,0.025510931
24.03070562,0.024997234
24.21204941,0.024493778
24.39476168,0.024000363
24.57885276,0.023516788
24.76433305,0.023042862
24.95121304,0.022578392
25.13950329,0.022123193
25.32921444,0.021677082
25.52035722,0.021239879
25.71294242,0.020811408
25.90698094,0.020391497
26.10248373,0.019979977
26.29946186,0.019576682
26.49792645,0.019181449
26.69788872,0.018794118
26.89935997,0.018414535
27.10235159,0.018042544
27.30687505,0.017677997
27.51294192,0.017320745
27.72056384,0.016970645
27.92975254,0.016627554
28.14051985,0.016291335
28.35287768,0.01596185
28.56683804,0.015638966
28.78241301,0.015322553
28.99961478,0.015012482
29.21845564,0.014708628
29.43894793,0.014410867
29.66110414,0.014119079
29.88493681,0.013833145
30.1104586,0.013552948
30.33768225,0.013278376
30.56662061,0.013009315
30.79728662,0.012745658
31.0296933,0.012487296
31.26385381,0.012234124
31.49978137,0.011986039
31.73748932,0.01174294
31.9769911,0.011504728
32.21830023,0.011271306
32.46143036,0.011042577
32.70639524,0.01081845
32.9532087,0.010598832
33.20188471,0.010383634
33.4524373,0.010172767
33.70488065,0.009966146
33.95922902,0.009763685
34.21549679,0.009565302
34.47369844,0.009370915
34.73384857,0.009180445
34.99596188,0.008993813
35.26005318,0.008810944
35.52613741,0.008631762
35.79422959,0.008456193
36.06434489,0.008284164
36.33649858,0.008115603
36.61070602,0.007950442
36.88698273,0.007788611
37.16534431,0.007630043
37.4458065,0.007474673
37.72838516,0.007322436
38.01309625,0.007173269
38.29995587,0.00702711
38.58898022,0.006883899
38.88018565,0.006743577
39.17358861,0.006606084
39.46920569,0.006471365
39.7670536,0.006339363
40.06714917,0.006210024
40.36950936,0.006083294
40.67415126,0.005959121
40.98109209,0.005837453
41.2903492,0.00571824
41.60194007,0.005601433
41.91588231,0.005486983
42.23219366,0.005374842
42.550892,0.005264965
42.87199535,0.005157307
43.19552186,0.005051821
43.5214898,0.004948465
43.84991761,0.004847196
44.18082384,0.004747972
44.5142272,0.004650752
44.85014654,0.004555495
45.18860084,0.004462163
45.52960922,0.004370719
45.87319097,0.004281124
46.21936551,0.004193342
46.56815239,0.004107337
46.91957134,0.004023075
47.27364221,0.00394052
47.63038502,0.003859639
47.98981994,0.003780399
48.35196727,0.003702767
48.71684748,0.003626711
49.0844812,0.0035522
49.45488922,0.003479204
49.82809245,0.003407691
50.204112,0.003337634
50.58296913,0.003269002
50.96468523,0.003201767
51.34928189,0.003135901
51.73678085,0.003071378
52.12720401,0.003008169
52.52057343,0.00294625
52.91691135,0.002885594
53.31624017,0.002826176
53.71858246,0.002767971
54.12396096,0.002710954
54.53239858,0.002655103
54.94391841,0.002600393
55.35854371,0.002546803
55.7762979,0.002494308
56.19720462,0.002442887
56.62128763,0.002392519
57.04857092,0.002343181
57.47907863,0.002294851
57.9128351,0.002247508
58.34986484,0.002201132
58.79019255,0.002155701
59.23384313,0.002111196
59.68084164,0.002067598
60.13121335,0.002024887
60.58498372,0.001983045
61.0421784,0.001942054
61.50282321,0.001901896
61.96694421,0.001862553
62.43456763,0.001824009
62.90571988,0.001786248
63.38042761,0.001749252
63.85871764,0.001713007
64.34061701,0.001677495
64.82615296,0.001642704
65.31535292,0.001608616
65.80824455,0.001575219
66.30485571,0.001542497
66.80521446,0.001510438
67.30934909,0.001479026
67.81728809,0.00144825
68.32906016,0.001418095
68.84469424,0.00138855
69.36421947,0.001359602
69.88766521,0.001331239
70.41506105,0.001303448
70.94643679,0.001276218
71.48182248,0.001249539
72.02124836,0.0012234
72.56474494,0.001197791
73.11234292,0.001172703
73.66407326,0.001148126
74.21996715,0.001124049
74.78005599,0.001100465
75.34437146,0.001077364
75.91294544,0.001054735
76.48581007,0.001032572
77.06299772,0.001010864
77.64454104,0.000989604
78.23047287,0.000968782
78.82082634,0.00094839
79.41563482,0.000928421
80.01493192,0.000908865
80.61875152,0.000889715
81.22712775,0.000870963
81.84009499,0.000852601
82.45768788,0.000834622
83.07994134,0.000817018
83.70689053,0.000799782
84.33857089,0.000782906
84.97501813,0.000766384
85.61626821,0.000750208
86.26235738,0.000734373
86.91332215,0.00071887
87.56919933,0.000703693
88.23002597,0.000688836
88.89583943,0.000674293
89.56667735,0.000660056
90.24257764,0.00064612
90.92357849,0.000632477
91.60971841,0.000619121
92.30103617,0.000606045
92.99757085,0.000593243
93.69936181,0.000580708
94.40644872,0.000568436
95.11887155,0.000556419
95.83667056,0.000544652
96.55988633,0.00053313
97.28855972,0.000521848
98.02273193,0.000510799
98.76244444,0.000499979
99.50773908,0.000489383
100.258658,0.000479006
101.0152435,0.000468842
101.7775386,0.000458889
102.5455861,0.00044914
103.3194296,0.000439592
104.0991128,0.00043024
104.8846797,0.00042108
105.6761748,0.000412107
106.4736428,0.000403319
107.2771287,0.000394711
108.086678,0.000386278
108.9023365,0.000378018
109.7241501,0.000369927
110.5521655,0.000362001
111.3864293,0.000354236
112.2269888,0.00034663
113.0738914,0.000339179
113.9271851,0.00033188
114.7869179,0.00032473
115.6531386,0.000317727
116.5258961,0.000310867
117.4052398,0.000304148
118.2912192,0.000297568
119.1838846,0.000291123
120.0832863,0.000284811
120.9894751,0.000278629
121.9025024,0.000272576
122.8224197,0.000266647
123.749279,0.000260842
124.6831327,0.000255157
125.6240336,0.000249591
126.5720348,0.00024414
127.52719,0.000238804
128.4895531,0.000233578
129.4591785,0.000228462
130.436121,0.000223453
131.4204359,0.00021855
132.4121787,0.000213749
133.4114056,0.000209049
134.4181729,0.000204448
135.4325377,0.000199944
136.4545572,0.000195535
137.4842892,0.00019122
138.5217919,0.000186995
139.5671239,0.00018286
140.6203444,0.000178813
141.6815129,0.000174852
142.7506892,0.000170975
143.827934,0.000167181
144.9133079,0.000163468
146.0068725,0.000159833
147.1086895,0.000156277
148.2188212,0.000152796
149.3373303,0.000149391
150.46428,0.000146058
151.5997341,0.000142796
152.7437567,0.000139605
153.8964125,0.000136482
155.0577666,0.000133427
156.2278847,0.000130437
157.4068329,0.000127512
158.5946778,0.00012465
159.7914866,0.00012185
160.9973269,0.000119111
162.212267,0.000116431
163.4363753,0.000113809
164.6697212,0.000111244
165.9123743,0.000108735
167.1644049,0.00010628
168.4258838,0.000103879
169.6968822,0.00010153
170.9774719,9.92E-05
172.2677255,9.70E-05
173.5677157,9.48E-05
174.8775161,9.26E-05
176.1972006,9.05E-05
177.526844,8.85E-05
178.8665213,8.65E-05
180.2163083,8.45E-05
181.5762812,8.26E-05
182.9465169,8.07E-05
184.3270929,7.89E-05
185.7180871,7.70E-05
187.1195783,7.53E-05
188.5316456,7.36E-05
189.9543688,7.19E-05
191.3878284,7.02E-05
192.8321054,6.86E-05
194.2872813,6.70E-05
195.7534385,6.55E-05
197.2306598,6.40E-05
198.7190288,6.25E-05
200.2186294,6.11E-05
201.7295466,5.96E-05
203.2518656,5.83E-05
204.7856726,5.69E-05
206.3310542,5.56E-05
207.8880977,5.43E-05
209.4568913,5.30E-05
211.0375235,5.18E-05
212.6300836,5.06E-05
214.2346618,4.94E-05
215.8513486,4.82E-05
217.4802355,4.71E-05
219.1214146,4.60E-05
220.7749785,4.49E-05
222.4410208,4.38E-05
224.1196356,4.28E-05
225.8109177,4.18E-05
227.5149629,4.08E-05
229.2318674,3.98E-05
230.9617282,3.89E-05
232.7046431,3.79E-05
234.4607106,3.70E-05
236.2300301,3.61E-05
238.0127013,3.53E-05
239.8088253,3.44E-05
241.6185034,3.36E-05
243.4418379,3.28E-05
245.2789319,3.20E-05
247.1298893,3.12E-05
248.9948146,3.04E-05
250.8738132,2.97E-05
252.7669914,2.90E-05
254.6744562,2.83E-05
256.5963153,2.76E-05
258.5326775,2.69E-05
260.4836521,2.63E-05
262.4493493,2.56E-05
264.4298804,2.50E-05
266.4253573,2.44E-05
268.4358927,2.38E-05
270.4616003,2.32E-05
272.5025945,2.26E-05
274.5589908,2.21E-05
276.6309053,2.15E-05
278.7184552,2.10E-05
280.8217585,2.05E-05
282.9409339,2.00E-05
285.0761014,1.95E-05
287.2273816,1.90E-05
289.3948961,1.85E-05
291.5787674,1.81E-05
293.7791188,1.76E-05
295.9960749,1.72E-05
298.2297609,1.68E-05
300.480303,1.64E-05
302.7478285,1.60E-05
305.0324655,1.56E-05
307.3343431,1.52E-05
309.6535915,1.48E-05
311.9903417,1.44E-05
314.3447258,1.41E-05
316.7168768,1.37E-05
319.106929,1.34E-05
321.5150172,1.31E-05
323.9412777,1.27E-05
326.3858476,1.24E-05
328.8488651,1.21E-05
331.3304692,1.18E-05
333.8308005,1.15E-05
336.35,1.12E-05